{"train/epoch":0.9996856334486011,"train/global_step":2385,"_runtime":79574.880570589,"train/loss":0.0006,"train_steps_per_second":0.03,"_step":2385,"train/reward":0.84375,"total_flos":0,"train/reward_std":0.1875,"train/rewards/reward_func":0.84375,"train_samples_per_second":0.24,"_timestamp":1.7534309284576929e+09,"train/embeds_ratio":0.989135354757309,"train/completion_length":131.875,"train/hidden_ratio":0.1470078080892563,"train/kl":0.1222194004803896,"train_runtime":79575.5335,"train/learning_rate":0,"train/grad_norm":0.9954819679260254,"train_loss":0.0006168753809142647,"_wandb":{"runtime":79575}}