{"train/grad_norm":0.0014340373454615474,"train/completion_length":108.53125,"_step":25,"train/learning_rate":2.7196652719665275e-07,"train/reward_std":0,"train/global_step":26,"train/rewards/reward_func":0,"_wandb":{"runtime":933},"train/embeds_ratio":0.9947405457496643,"train/epoch":0.00544902022424814,"train/kl":0.0006710185407428071,"train/hidden_ratio":0.10242673195898533,"train/reward":0,"_timestamp":1.7533512366676302e+09,"_runtime":913.666442365,"train/loss":0}